S0,sigma,T,option_price,compute_time_seconds
80.0,0.15,0.5,0.11136454130066517,60.94802498817444
80.0,0.15,0.6666666666666666,0.283084733234433,60.94802498817444
80.0,0.15,0.8333333333333333,0.5140590235078888,60.94802498817444
80.0,0.15,1.0,0.8046351091270034,60.94802498817444
80.0,0.15,1.1666666666666665,1.1326115311512284,60.94802498817444
80.0,0.15,1.3333333333333333,1.4904024151572224,60.94802498817444
80.0,0.15,1.5,1.8825369945770547,60.94802498817444
80.0,0.15,1.6666666666666665,2.2831019284499265,60.94802498817444
80.0,0.15,1.8333333333333333,2.7016351613970446,60.94802498817444
80.0,0.15,2.0,3.121745312843215,60.94802498817444
80.0,0.18333333333333335,0.5,0.31439986809977327,60.94802498817444
80.0,0.18333333333333335,0.6666666666666666,0.6373075220703254,60.94802498817444
80.0,0.18333333333333335,0.8333333333333333,1.038213455563511,60.94802498817444
80.0,0.18333333333333335,1.0,1.4807466716888404,60.94802498817444
80.0,0.18333333333333335,1.1666666666666665,1.9439969639944805,60.94802498817444
80.0,0.18333333333333335,1.3333333333333333,2.448944543166387,60.94802498817444
80.0,0.18333333333333335,1.5,2.9475364369508195,60.94802498817444
80.0,0.18333333333333335,1.6666666666666665,3.463786987760045,60.94802498817444
80.0,0.18333333333333335,1.8333333333333333,3.99677115896095,60.94802498817444
80.0,0.18333333333333335,2.0,4.5079470812216424,60.94802498817444
80.0,0.21666666666666667,0.5,0.6236256195863272,60.94802498817444
80.0,0.21666666666666667,0.6666666666666666,1.127142044177404,60.94802498817444
80.0,0.21666666666666667,0.8333333333333333,1.6820632796831583,60.94802498817444
80.0,0.21666666666666667,1.0,2.262285730967921,60.94802498817444
80.0,0.21666666666666667,1.1666666666666665,2.882756860235016,60.94802498817444
80.0,0.21666666666666667,1.3333333333333333,3.488648775670623,60.94802498817444
80.0,0.21666666666666667,1.5,4.105998685331507,60.94802498817444
80.0,0.21666666666666667,1.6666666666666665,4.730880223322642,60.94802498817444
80.0,0.21666666666666667,1.8333333333333333,5.348391427879813,60.94802498817444
80.0,0.21666666666666667,2.0,5.973120482205398,60.94802498817444
80.0,0.25,0.5,1.024113987290297,60.94802498817444
80.0,0.25,0.6666666666666666,1.6929074705457674,60.94802498817444
80.0,0.25,0.8333333333333333,2.410063554968521,60.94802498817444
80.0,0.25,1.0,3.134842356778411,60.94802498817444
80.0,0.25,1.1666666666666665,3.864689573032979,60.94802498817444
80.0,0.25,1.3333333333333333,4.5797262376935475,60.94802498817444
80.0,0.25,1.5,5.327173294836707,60.94802498817444
80.0,0.25,1.6666666666666665,6.024024185031512,60.94802498817444
80.0,0.25,1.8333333333333333,6.749746391211704,60.94802498817444
80.0,0.25,2.0,7.427140416635139,60.94802498817444
80.0,0.2833333333333333,0.5,1.4957658423448144,60.94802498817444
80.0,0.2833333333333333,0.6666666666666666,2.3463836606425565,60.94802498817444
80.0,0.2833333333333333,0.8333333333333333,3.204615362384308,60.94802498817444
80.0,0.2833333333333333,1.0,4.0784905346247236,60.94802498817444
80.0,0.2833333333333333,1.1666666666666665,4.907551647194609,60.94802498817444
80.0,0.2833333333333333,1.3333333333333333,5.767155550224957,60.94802498817444
80.0,0.2833333333333333,1.5,6.5796681881175845,60.94802498817444
80.0,0.2833333333333333,1.6666666666666665,7.346107659593123,60.94802498817444
80.0,0.2833333333333333,1.8333333333333333,8.15537715749956,60.94802498817444
80.0,0.2833333333333333,2.0,8.9020471981432,60.94802498817444
80.0,0.31666666666666665,0.5,2.0259311164093727,60.94802498817444
80.0,0.31666666666666665,0.6666666666666666,3.049730807313362,60.94802498817444
80.0,0.31666666666666665,0.8333333333333333,4.050646061294204,60.94802498817444
80.0,0.31666666666666665,1.0,5.005475410228884,60.94802498817444
80.0,0.31666666666666665,1.1666666666666665,6.00838793009117,60.94802498817444
80.0,0.31666666666666665,1.3333333333333333,6.911879844362355,60.94802498817444
80.0,0.31666666666666665,1.5,7.822384820223463,60.94802498817444
80.0,0.31666666666666665,1.6666666666666665,8.719953748330221,60.94802498817444
80.0,0.31666666666666665,1.8333333333333333,9.580488095177577,60.94802498817444
80.0,0.31666666666666665,2.0,10.444621265325253,60.94802498817444
80.0,0.35000000000000003,0.5,2.6016256841671934,60.94802498817444
80.0,0.35000000000000003,0.6666666666666666,3.7969673040506464,60.94802498817444
80.0,0.35000000000000003,0.8333333333333333,4.938855316039883,60.94802498817444
80.0,0.35000000000000003,1.0,6.020809532398199,60.94802498817444
80.0,0.35000000000000003,1.1666666666666665,7.104082662842065,60.94802498817444
80.0,0.35000000000000003,1.3333333333333333,8.104700898070847,60.94802498817444
80.0,0.35000000000000003,1.5,9.097331697620884,60.94802498817444
80.0,0.35000000000000003,1.6666666666666665,10.11032070640789,60.94802498817444
80.0,0.35000000000000003,1.8333333333333333,10.96375127471595,60.94802498817444
80.0,0.35000000000000003,2.0,11.932941754271475,60.94802498817444
80.0,0.3833333333333334,0.5,3.238367801172208,60.94802498817444
80.0,0.3833333333333334,0.6666666666666666,4.572733778338551,60.94802498817444
80.0,0.3833333333333334,0.8333333333333333,5.846795139972188,60.94802498817444
80.0,0.3833333333333334,1.0,7.074728629284892,60.94802498817444
80.0,0.3833333333333334,1.1666666666666665,8.21058417363623,60.94802498817444
80.0,0.3833333333333334,1.3333333333333333,9.362762436579628,60.94802498817444
80.0,0.3833333333333334,1.5,10.406779140143282,60.94802498817444
80.0,0.3833333333333334,1.6666666666666665,11.449694997973452,60.94802498817444
80.0,0.3833333333333334,1.8333333333333333,12.502940072477214,60.94802498817444
80.0,0.3833333333333334,2.0,13.411285593223658,60.94802498817444
80.0,0.41666666666666674,0.5,3.8793210043684745,60.94802498817444
80.0,0.41666666666666674,0.6666666666666666,5.345190267495603,60.94802498817444
80.0,0.41666666666666674,0.8333333333333333,6.764281678960986,60.94802498817444
80.0,0.41666666666666674,1.0,8.112389937623622,60.94802498817444
80.0,0.41666666666666674,1.1666666666666665,9.380872781284166,60.94802498817444
80.0,0.41666666666666674,1.3333333333333333,10.604257984824413,60.94802498817444
80.0,0.41666666666666674,1.5,11.6816033395935,60.94802498817444
80.0,0.41666666666666674,1.6666666666666665,12.814516836162264,60.94802498817444
80.0,0.41666666666666674,1.8333333333333333,13.890070537063666,60.94802498817444
80.0,0.41666666666666674,2.0,14.937998223467902,60.94802498817444
80.0,0.45,0.5,4.53938332169389,60.94802498817444
80.0,0.45,0.6666666666666666,6.224628063702548,60.94802498817444
80.0,0.45,0.8333333333333333,7.7326286999051606,60.94802498817444
80.0,0.45,1.0,9.133901253773379,60.94802498817444
80.0,0.45,1.1666666666666665,10.504313295783321,60.94802498817444
80.0,0.45,1.3333333333333333,11.813146199800764,60.94802498817444
80.0,0.45,1.5,13.017348632330886,60.94802498817444
80.0,0.45,1.6666666666666665,14.180397410785304,60.94802498817444
80.0,0.45,1.8333333333333333,15.39475527033195,60.94802498817444
80.0,0.45,2.0,16.426845503145998,60.94802498817444
84.44444444444444,0.15,0.5,0.3828365239880114,60.94802498817444
84.44444444444444,0.15,0.6666666666666666,0.7445199003547622,60.94802498817444
84.44444444444444,0.15,0.8333333333333333,1.1704239524973399,60.94802498817444
84.44444444444444,0.15,1.0,1.6300207560960047,60.94802498817444
84.44444444444444,0.15,1.1666666666666665,2.121391059443754,60.94802498817444
84.44444444444444,0.15,1.3333333333333333,2.624819658282016,60.94802498817444
84.44444444444444,0.15,1.5,3.1447456761579033,60.94802498817444
84.44444444444444,0.15,1.6666666666666665,3.679179225342669,60.94802498817444
84.44444444444444,0.15,1.8333333333333333,4.207024408523841,60.94802498817444
84.44444444444444,0.15,2.0,4.776358302464485,60.94802498817444
84.44444444444444,0.18333333333333335,0.5,0.7880112681553229,60.94802498817444
84.44444444444444,0.18333333333333335,0.6666666666666666,1.344028109085079,60.94802498817444
84.44444444444444,0.18333333333333335,0.8333333333333333,1.9279850975907102,60.94802498817444
84.44444444444444,0.18333333333333335,1.0,2.5552307436142367,60.94802498817444
84.44444444444444,0.18333333333333335,1.1666666666666665,3.178751238692284,60.94802498817444
84.44444444444444,0.18333333333333335,1.3333333333333333,3.7993583631731047,60.94802498817444
84.44444444444444,0.18333333333333335,1.5,4.435752015996965,60.94802498817444
84.44444444444444,0.18333333333333335,1.6666666666666665,5.076419590467238,60.94802498817444
84.44444444444444,0.18333333333333335,1.8333333333333333,5.694433813806441,60.94802498817444
84.44444444444444,0.18333333333333335,2.0,6.311047147347854,60.94802498817444
84.44444444444444,0.21666666666666667,0.5,1.289417945323978,60.94802498817444
84.44444444444444,0.21666666666666667,0.6666666666666666,2.0384902211026774,60.94802498817444
84.44444444444444,0.21666666666666667,0.8333333333333333,2.7832892261997118,60.94802498817444
84.44444444444444,0.21666666666666667,1.0,3.529977530485849,60.94802498817444
84.44444444444444,0.21666666666666667,1.1666666666666665,4.293832740630195,60.94802498817444
84.44444444444444,0.21666666666666667,1.3333333333333333,5.040122492992896,60.94802498817444
84.44444444444444,0.21666666666666667,1.5,5.759234128148923,60.94802498817444
84.44444444444444,0.21666666666666667,1.6666666666666665,6.457345474872736,60.94802498817444
84.44444444444444,0.21666666666666667,1.8333333333333333,7.200726743628801,60.94802498817444
84.44444444444444,0.21666666666666667,2.0,7.901189964628123,60.94802498817444
84.44444444444444,0.25,0.5,1.8778339905795929,60.94802498817444
84.44444444444444,0.25,0.6666666666666666,2.7946887572223256,60.94802498817444
84.44444444444444,0.25,0.8333333333333333,3.6914138433904884,60.94802498817444
84.44444444444444,0.25,1.0,4.590208639303579,60.94802498817444
84.44444444444444,0.25,1.1666666666666665,5.450445308856469,60.94802498817444
84.44444444444444,0.25,1.3333333333333333,6.308366962855609,60.94802498817444
84.44444444444444,0.25,1.5,7.100543914901167,60.94802498817444
84.44444444444444,0.25,1.6666666666666665,7.931195869133524,60.94802498817444
84.44444444444444,0.25,1.8333333333333333,8.72770125277853,60.94802498817444
84.44444444444444,0.25,2.0,9.483234603990617,60.94802498817444
84.44444444444444,0.2833333333333333,0.5,2.506537602458399,60.94802498817444
84.44444444444444,0.2833333333333333,0.6666666666666666,3.5853000694679524,60.94802498817444
84.44444444444444,0.2833333333333333,0.8333333333333333,4.640956180405945,60.94802498817444
84.44444444444444,0.2833333333333333,1.0,5.628920594412863,60.94802498817444
84.44444444444444,0.2833333333333333,1.1666666666666665,6.62439062524164,60.94802498817444
84.44444444444444,0.2833333333333333,1.3333333333333333,7.572392131201755,60.94802498817444
84.44444444444444,0.2833333333333333,1.5,8.491902694048889,60.94802498817444
84.44444444444444,0.2833333333333333,1.6666666666666665,9.36749860751547,60.94802498817444
84.44444444444444,0.2833333333333333,1.8333333333333333,10.271107800708469,60.94802498817444
84.44444444444444,0.2833333333333333,2.0,11.065394093374366,60.94802498817444
84.44444444444444,0.31666666666666665,0.5,3.178699413099705,60.94802498817444
84.44444444444444,0.31666666666666665,0.6666666666666666,4.437413128790562,60.94802498817444
84.44444444444444,0.31666666666666665,0.8333333333333333,5.610128827565961,60.94802498817444
84.44444444444444,0.31666666666666665,1.0,6.755208952896661,60.94802498817444
84.44444444444444,0.31666666666666665,1.1666666666666665,7.829689337369709,60.94802498817444
84.44444444444444,0.31666666666666665,1.3333333333333333,8.850100177220515,60.94802498817444
84.44444444444444,0.31666666666666665,1.5,9.831630382220967,60.94802498817444
84.44444444444444,0.31666666666666665,1.6666666666666665,10.80117936415125,60.94802498817444
84.44444444444444,0.31666666666666665,1.8333333333333333,11.745466713699232,60.94802498817444
84.44444444444444,0.31666666666666665,2.0,12.703347231502665,60.94802498817444
84.44444444444444,0.35000000000000003,0.5,3.8795383475893237,60.94802498817444
84.44444444444444,0.35000000000000003,0.6666666666666666,5.269810632849514,60.94802498817444
84.44444444444444,0.35000000000000003,0.8333333333333333,6.604827196863953,60.94802498817444
84.44444444444444,0.35000000000000003,1.0,7.824211685731738,60.94802498817444
84.44444444444444,0.35000000000000003,1.1666666666666665,8.99211573162689,60.94802498817444
84.44444444444444,0.35000000000000003,1.3333333333333333,10.166521231604007,60.94802498817444
84.44444444444444,0.35000000000000003,1.5,11.280342133776355,60.94802498817444
84.44444444444444,0.35000000000000003,1.6666666666666665,12.281049998680256,60.94802498817444
84.44444444444444,0.35000000000000003,1.8333333333333333,13.240415172847317,60.94802498817444
84.44444444444444,0.35000000000000003,2.0,14.265868762302809,60.94802498817444
84.44444444444444,0.3833333333333334,0.5,4.609545719788199,60.94802498817444
84.44444444444444,0.3833333333333334,0.6666666666666666,6.150877083868876,60.94802498817444
84.44444444444444,0.3833333333333334,0.8333333333333333,7.617417742140772,60.94802498817444
84.44444444444444,0.3833333333333334,1.0,8.991387747846192,60.94802498817444
84.44444444444444,0.3833333333333334,1.1666666666666665,10.244431777208455,60.94802498817444
84.44444444444444,0.3833333333333334,1.3333333333333333,11.379374530069164,60.94802498817444
84.44444444444444,0.3833333333333334,1.5,12.585183564341303,60.94802498817444
84.44444444444444,0.3833333333333334,1.6666666666666665,13.740555014551642,60.94802498817444
84.44444444444444,0.3833333333333334,1.8333333333333333,14.83777111759653,60.94802498817444
84.44444444444444,0.3833333333333334,2.0,15.822312296515536,60.94802498817444
84.44444444444444,0.41666666666666674,0.5,5.368701583762586,60.94802498817444
84.44444444444444,0.41666666666666674,0.6666666666666666,7.046231780356845,60.94802498817444
84.44444444444444,0.41666666666666674,0.8333333333333333,8.604357095463932,60.94802498817444
84.44444444444444,0.41666666666666674,1.0,10.0368856621573,60.94802498817444
84.44444444444444,0.41666666666666674,1.1666666666666665,11.419068679464225,60.94802498817444
84.44444444444444,0.41666666666666674,1.3333333333333333,12.698671767457068,60.94802498817444
84.44444444444444,0.41666666666666674,1.5,14.014374275869509,60.94802498817444
84.44444444444444,0.41666666666666674,1.6666666666666665,15.152877482029274,60.94802498817444
84.44444444444444,0.41666666666666674,1.8333333333333333,16.28080639260612,60.94802498817444
84.44444444444444,0.41666666666666674,2.0,17.434168778496563,60.94802498817444
84.44444444444444,0.45,0.5,6.1214180484491845,60.94802498817444
84.44444444444444,0.45,0.6666666666666666,7.949114527111062,60.94802498817444
84.44444444444444,0.45,0.8333333333333333,9.600697559608335,60.94802498817444
84.44444444444444,0.45,1.0,11.222303627809955,60.94802498817444
84.44444444444444,0.45,1.1666666666666665,12.645517133103041,60.94802498817444
84.44444444444444,0.45,1.3333333333333333,14.01255989452388,60.94802498817444
84.44444444444444,0.45,1.5,15.35614346102962,60.94802498817444
84.44444444444444,0.45,1.6666666666666665,16.53222493288427,60.94802498817444
84.44444444444444,0.45,1.8333333333333333,17.717247429728157,60.94802498817444
84.44444444444444,0.45,2.0,18.87738439807468,60.94802498817444
88.88888888888889,0.15,0.5,1.0359018872449148,60.94802498817444
88.88888888888889,0.15,0.6666666666666666,1.6524751673351452,60.94802498817444
88.88888888888889,0.15,0.8333333333333333,2.2925774743262783,60.94802498817444
88.88888888888889,0.15,1.0,2.93085207211323,60.94802498817444
88.88888888888889,0.15,1.1666666666666665,3.583732782261181,60.94802498817444
88.88888888888889,0.15,1.3333333333333333,4.242223515856992,60.94802498817444
88.88888888888889,0.15,1.5,4.889355113723736,60.94802498817444
88.88888888888889,0.15,1.6666666666666665,5.5254710386322925,60.94802498817444
88.88888888888889,0.15,1.8333333333333333,6.158448716564135,60.94802498817444
88.88888888888889,0.15,2.0,6.778534987861852,60.94802498817444
88.88888888888889,0.18333333333333335,0.5,1.685720469774484,60.94802498817444
88.88888888888889,0.18333333333333335,0.6666666666666666,2.4724317092227968,60.94802498817444
88.88888888888889,0.18333333333333335,0.8333333333333333,3.2805414679391043,60.94802498817444
88.88888888888889,0.18333333333333335,1.0,4.0603798113231315,60.94802498817444
88.88888888888889,0.18333333333333335,1.1666666666666665,4.826594351131008,60.94802498817444
88.88888888888889,0.18333333333333335,1.3333333333333333,5.579358146550199,60.94802498817444
88.88888888888889,0.18333333333333335,1.5,6.321096973901142,60.94802498817444
88.88888888888889,0.18333333333333335,1.6666666666666665,7.040359822787322,60.94802498817444
88.88888888888889,0.18333333333333335,1.8333333333333333,7.763665202866103,60.94802498817444
88.88888888888889,0.18333333333333335,2.0,8.48173058629933,60.94802498817444
88.88888888888889,0.21666666666666667,0.5,2.381674847785881,60.94802498817444
88.88888888888889,0.21666666666666667,0.6666666666666666,3.357277011655429,60.94802498817444
88.88888888888889,0.21666666666666667,0.8333333333333333,4.31009121292857,60.94802498817444
88.88888888888889,0.21666666666666667,1.0,5.19680988321197,60.94802498817444
88.88888888888889,0.21666666666666667,1.1666666666666665,6.0688919107694215,60.94802498817444
88.88888888888889,0.21666666666666667,1.3333333333333333,6.927192777051129,60.94802498817444
88.88888888888889,0.21666666666666667,1.5,7.77217350327365,60.94802498817444
88.88888888888889,0.21666666666666667,1.6666666666666665,8.577142757043106,60.94802498817444
88.88888888888889,0.21666666666666667,1.8333333333333333,9.361155797233442,60.94802498817444
88.88888888888889,0.21666666666666667,2.0,10.175908647328521,60.94802498817444
88.88888888888889,0.25,0.5,3.126458859541611,60.94802498817444
88.88888888888889,0.25,0.6666666666666666,4.279995196516089,60.94802498817444
88.88888888888889,0.25,0.8333333333333333,5.33799629245386,60.94802498817444
88.88888888888889,0.25,1.0,6.35564925186947,60.94802498817444
88.88888888888889,0.25,1.1666666666666665,7.361837011317956,60.94802498817444
88.88888888888889,0.25,1.3333333333333333,8.323026713259054,60.94802498817444
88.88888888888889,0.25,1.5,9.19085098293147,60.94802498817444
88.88888888888889,0.25,1.6666666666666665,10.09307183873318,60.94802498817444
88.88888888888889,0.25,1.8333333333333333,11.001284366586122,60.94802498817444
88.88888888888889,0.25,2.0,11.764525242807347,60.94802498817444
88.88888888888889,0.2833333333333333,0.5,3.8948863178111495,60.94802498817444
88.88888888888889,0.2833333333333333,0.6666666666666666,5.191494393012256,60.94802498817444
88.88888888888889,0.2833333333333333,0.8333333333333333,6.386779183254707,60.94802498817444
88.88888888888889,0.2833333333333333,1.0,7.545267700798798,60.94802498817444
88.88888888888889,0.2833333333333333,1.1666666666666665,8.599976679840099,60.94802498817444
88.88888888888889,0.2833333333333333,1.3333333333333333,9.647943450285917,60.94802498817444
88.88888888888889,0.2833333333333333,1.5,10.636145558181436,60.94802498817444
88.88888888888889,0.2833333333333333,1.6666666666666665,11.631680770057786,60.94802498817444
88.88888888888889,0.2833333333333333,1.8333333333333333,12.553979516499117,60.94802498817444
88.88888888888889,0.2833333333333333,2.0,13.467082143533956,60.94802498817444
88.88888888888889,0.31666666666666665,0.5,4.692984063408186,60.94802498817444
88.88888888888889,0.31666666666666665,0.6666666666666666,6.143343329402484,60.94802498817444
88.88888888888889,0.31666666666666665,0.8333333333333333,7.47612930445736,60.94802498817444
88.88888888888889,0.31666666666666665,1.0,8.695986701131392,60.94802498817444
88.88888888888889,0.31666666666666665,1.1666666666666665,9.935720992146036,60.94802498817444
88.88888888888889,0.31666666666666665,1.3333333333333333,11.039102794990177,60.94802498817444
88.88888888888889,0.31666666666666665,1.5,12.121200012229131,60.94802498817444
88.88888888888889,0.31666666666666665,1.6666666666666665,13.172307747408995,60.94802498817444
88.88888888888889,0.31666666666666665,1.8333333333333333,14.138012364597136,60.94802498817444
88.88888888888889,0.31666666666666665,2.0,15.070182171223404,60.94802498817444
88.88888888888889,0.35000000000000003,0.5,5.5134895485848086,60.94802498817444
88.88888888888889,0.35000000000000003,0.6666666666666666,7.069684925073189,60.94802498817444
88.88888888888889,0.35000000000000003,0.8333333333333333,8.544548592318355,60.94802498817444
88.88888888888889,0.35000000000000003,1.0,9.900151668712937,60.94802498817444
88.88888888888889,0.35000000000000003,1.1666666666666665,11.195482548943195,60.94802498817444
88.88888888888889,0.35000000000000003,1.3333333333333333,12.430599056261126,60.94802498817444
88.88888888888889,0.35000000000000003,1.5,13.520544438904595,60.94802498817444
88.88888888888889,0.35000000000000003,1.6666666666666665,14.671044129679606,60.94802498817444
88.88888888888889,0.35000000000000003,1.8333333333333333,15.723292461401842,60.94802498817444
88.88888888888889,0.35000000000000003,2.0,16.72843043075177,60.94802498817444
88.88888888888889,0.3833333333333334,0.5,6.314175278696618,60.94802498817444
88.88888888888889,0.3833333333333334,0.6666666666666666,8.046269473868314,60.94802498817444
88.88888888888889,0.3833333333333334,0.8333333333333333,9.664992154232323,60.94802498817444
88.88888888888889,0.3833333333333334,1.0,11.060899228417137,60.94802498817444
88.88888888888889,0.3833333333333334,1.1666666666666665,12.49407136564443,60.94802498817444
88.88888888888889,0.3833333333333334,1.3333333333333333,13.774127371320157,60.94802498817444
88.88888888888889,0.3833333333333334,1.5,14.978733690276306,60.94802498817444
88.88888888888889,0.3833333333333334,1.6666666666666665,16.15696335354621,60.94802498817444
88.88888888888889,0.3833333333333334,1.8333333333333333,17.247845921850157,60.94802498817444
88.88888888888889,0.3833333333333334,2.0,18.417940191611134,60.94802498817444
88.88888888888889,0.41666666666666674,0.5,7.131277926007067,60.94802498817444
88.88888888888889,0.41666666666666674,0.6666666666666666,8.99675116133965,60.94802498817444
88.88888888888889,0.41666666666666674,0.8333333333333333,10.615062064224627,60.94802498817444
88.88888888888889,0.41666666666666674,1.0,12.254082672280363,60.94802498817444
88.88888888888889,0.41666666666666674,1.1666666666666665,13.773863489412697,60.94802498817444
88.88888888888889,0.41666666666666674,1.3333333333333333,15.097733675122424,60.94802498817444
88.88888888888889,0.41666666666666674,1.5,16.454136677702074,60.94802498817444
88.88888888888889,0.41666666666666674,1.6666666666666665,17.75000521476841,60.94802498817444
88.88888888888889,0.41666666666666674,1.8333333333333333,18.854568873167626,60.94802498817444
88.88888888888889,0.41666666666666674,2.0,19.976324437039136,60.94802498817444
88.88888888888889,0.45,0.5,7.964327523108654,60.94802498817444
88.88888888888889,0.45,0.6666666666666666,9.979468059277417,60.94802498817444
88.88888888888889,0.45,0.8333333333333333,11.773552101031946,60.94802498817444
88.88888888888889,0.45,1.0,13.379569220009776,60.94802498817444
88.88888888888889,0.45,1.1666666666666665,15.004070979750281,60.94802498817444
88.88888888888889,0.45,1.3333333333333333,16.401287341521485,60.94802498817444
88.88888888888889,0.45,1.5,17.822500620304762,60.94802498817444
88.88888888888889,0.45,1.6666666666666665,19.114353836645755,60.94802498817444
88.88888888888889,0.45,1.8333333333333333,20.378178168400154,60.94802498817444
88.88888888888889,0.45,2.0,21.578822847576312,60.94802498817444
93.33333333333333,0.15,0.5,2.280380841691344,60.94802498817444
93.33333333333333,0.15,0.6666666666666666,3.1462443007714507,60.94802498817444
93.33333333333333,0.15,0.8333333333333333,3.978170192800869,60.94802498817444
93.33333333333333,0.15,1.0,4.77932423995929,60.94802498817444
93.33333333333333,0.15,1.1666666666666665,5.5634384875657314,60.94802498817444
93.33333333333333,0.15,1.3333333333333333,6.350643307814766,60.94802498817444
93.33333333333333,0.15,1.5,7.094694588839494,60.94802498817444
93.33333333333333,0.15,1.6666666666666665,7.811303002449121,60.94802498817444
93.33333333333333,0.15,1.8333333333333333,8.546813231190864,60.94802498817444
93.33333333333333,0.15,2.0,9.265127751062362,60.94802498817444
93.33333333333333,0.18333333333333335,0.5,3.112072786592381,60.94802498817444
93.33333333333333,0.18333333333333335,0.6666666666666666,4.130690609401626,60.94802498817444
93.33333333333333,0.18333333333333335,0.8333333333333333,5.105613969145614,60.94802498817444
93.33333333333333,0.18333333333333335,1.0,6.021329955564073,60.94802498817444
93.33333333333333,0.18333333333333335,1.1666666666666665,6.927320888564562,60.94802498817444
93.33333333333333,0.18333333333333335,1.3333333333333333,7.768122181162621,60.94802498817444
93.33333333333333,0.18333333333333335,1.5,8.585372897852123,60.94802498817444
93.33333333333333,0.18333333333333335,1.6666666666666665,9.403671992586423,60.94802498817444
93.33333333333333,0.18333333333333335,1.8333333333333333,10.197072105979792,60.94802498817444
93.33333333333333,0.18333333333333335,2.0,10.976405585529022,60.94802498817444
93.33333333333333,0.21666666666666667,0.5,3.965642267058355,60.94802498817444
93.33333333333333,0.21666666666666667,0.6666666666666666,5.150427848451363,60.94802498817444
93.33333333333333,0.21666666666666667,0.8333333333333333,6.25035985148424,60.94802498817444
93.33333333333333,0.21666666666666667,1.0,7.254226556268818,60.94802498817444
93.33333333333333,0.21666666666666667,1.1666666666666665,8.241729722917917,60.94802498817444
93.33333333333333,0.21666666666666667,1.3333333333333333,9.19657354907408,60.94802498817444
93.33333333333333,0.21666666666666667,1.5,10.108747653261531,60.94802498817444
93.33333333333333,0.21666666666666667,1.6666666666666665,10.985306368239494,60.94802498817444
93.33333333333333,0.21666666666666667,1.8333333333333333,11.826594394902054,60.94802498817444
93.33333333333333,0.21666666666666667,2.0,12.68801545134397,60.94802498817444
93.33333333333333,0.25,0.5,4.831277616292288,60.94802498817444
93.33333333333333,0.25,0.6666666666666666,6.161612031210321,60.94802498817444
93.33333333333333,0.25,0.8333333333333333,7.3723809064596635,60.94802498817444
93.33333333333333,0.25,1.0,8.507616381061851,60.94802498817444
93.33333333333333,0.25,1.1666666666666665,9.60385883080016,60.94802498817444
93.33333333333333,0.25,1.3333333333333333,10.614797918218331,60.94802498817444
93.33333333333333,0.25,1.5,11.610363202518617,60.94802498817444
93.33333333333333,0.25,1.6666666666666665,12.529937949942658,60.94802498817444
93.33333333333333,0.25,1.8333333333333333,13.476471449566434,60.94802498817444
93.33333333333333,0.25,2.0,14.371005314848492,60.94802498817444
93.33333333333333,0.2833333333333333,0.5,5.690499895823174,60.94802498817444
93.33333333333333,0.2833333333333333,0.6666666666666666,7.174853035758446,60.94802498817444
93.33333333333333,0.2833333333333333,0.8333333333333333,8.492966118673454,60.94802498817444
93.33333333333333,0.2833333333333333,1.0,9.754494019315208,60.94802498817444
93.33333333333333,0.2833333333333333,1.1666666666666665,10.961940044428735,60.94802498817444
93.33333333333333,0.2833333333333333,1.3333333333333333,12.041946305646123,60.94802498817444
93.33333333333333,0.2833333333333333,1.5,13.102902225769334,60.94802498817444
93.33333333333333,0.2833333333333333,1.6666666666666665,14.140785315962988,60.94802498817444
93.33333333333333,0.2833333333333333,1.8333333333333333,15.086185798840441,60.94802498817444
93.33333333333333,0.2833333333333333,2.0,15.982325963934834,60.94802498817444
93.33333333333333,0.31666666666666665,0.5,6.562066042552924,60.94802498817444
93.33333333333333,0.31666666666666665,0.6666666666666666,8.188563067182642,60.94802498817444
93.33333333333333,0.31666666666666665,0.8333333333333333,9.599929131872674,60.94802498817444
93.33333333333333,0.31666666666666665,1.0,10.97838830635253,60.94802498817444
93.33333333333333,0.31666666666666665,1.1666666666666665,12.229684556726005,60.94802498817444
93.33333333333333,0.31666666666666665,1.3333333333333333,13.443744752446234,60.94802498817444
93.33333333333333,0.31666666666666665,1.5,14.567467760770251,60.94802498817444
93.33333333333333,0.31666666666666665,1.6666666666666665,15.709993198649915,60.94802498817444
93.33333333333333,0.31666666666666665,1.8333333333333333,16.746136321603657,60.94802498817444
93.33333333333333,0.31666666666666665,2.0,17.723031110116235,60.94802498817444
93.33333333333333,0.35000000000000003,0.5,7.445018666715048,60.94802498817444
93.33333333333333,0.35000000000000003,0.6666666666666666,9.173505008560204,60.94802498817444
93.33333333333333,0.35000000000000003,0.8333333333333333,10.765776338505928,60.94802498817444
93.33333333333333,0.35000000000000003,1.0,12.217928973752521,60.94802498817444
93.33333333333333,0.35000000000000003,1.1666666666666665,13.539900944344565,60.94802498817444
93.33333333333333,0.35000000000000003,1.3333333333333333,14.845441061378574,60.94802498817444
93.33333333333333,0.35000000000000003,1.5,16.06879657222913,60.94802498817444
93.33333333333333,0.35000000000000003,1.6666666666666665,17.208463527732373,60.94802498817444
93.33333333333333,0.35000000000000003,1.8333333333333333,18.327299418263394,60.94802498817444
93.33333333333333,0.35000000000000003,2.0,19.40509516355104,60.94802498817444
93.33333333333333,0.3833333333333334,0.5,8.322551689675711,60.94802498817444
93.33333333333333,0.3833333333333334,0.6666666666666666,10.199268615962513,60.94802498817444
93.33333333333333,0.3833333333333334,0.8333333333333333,11.883717102795238,60.94802498817444
93.33333333333333,0.3833333333333334,1.0,13.408583547082998,60.94802498817444
93.33333333333333,0.3833333333333334,1.1666666666666665,14.936971609837734,60.94802498817444
93.33333333333333,0.3833333333333334,1.3333333333333333,16.2670582474197,60.94802498817444
93.33333333333333,0.3833333333333334,1.5,17.53713389965922,60.94802498817444
93.33333333333333,0.3833333333333334,1.6666666666666665,18.816295981937824,60.94802498817444
93.33333333333333,0.3833333333333334,1.8333333333333333,19.99511246293064,60.94802498817444
93.33333333333333,0.3833333333333334,2.0,21.11978917023023,60.94802498817444
93.33333333333333,0.41666666666666674,0.5,9.164810073968642,60.94802498817444
93.33333333333333,0.41666666666666674,0.6666666666666666,11.216461094835307,60.94802498817444
93.33333333333333,0.41666666666666674,0.8333333333333333,13.035780378268228,60.94802498817444
93.33333333333333,0.41666666666666674,1.0,14.654094250939808,60.94802498817444
93.33333333333333,0.41666666666666674,1.1666666666666665,16.233848117150544,60.94802498817444
93.33333333333333,0.41666666666666674,1.3333333333333333,17.705551301241734,60.94802498817444
93.33333333333333,0.41666666666666674,1.5,19.06047245285625,60.94802498817444
93.33333333333333,0.41666666666666674,1.6666666666666665,20.356320837898956,60.94802498817444
93.33333333333333,0.41666666666666674,1.8333333333333333,21.565010320472098,60.94802498817444
93.33333333333333,0.41666666666666674,2.0,22.764759521089456,60.94802498817444
93.33333333333333,0.45,0.5,10.110960861396109,60.94802498817444
93.33333333333333,0.45,0.6666666666666666,12.170800270032181,60.94802498817444
93.33333333333333,0.45,0.8333333333333333,14.080840940547269,60.94802498817444
93.33333333333333,0.45,1.0,15.874878757290046,60.94802498817444
93.33333333333333,0.45,1.1666666666666665,17.546833601821046,60.94802498817444
93.33333333333333,0.45,1.3333333333333333,18.98308286506116,60.94802498817444
93.33333333333333,0.45,1.5,20.44354089302428,60.94802498817444
93.33333333333333,0.45,1.6666666666666665,21.86676254741891,60.94802498817444
93.33333333333333,0.45,1.8333333333333333,23.138953499459756,60.94802498817444
93.33333333333333,0.45,2.0,24.35559439007956,60.94802498817444
97.77777777777777,0.15,0.5,4.252930883597313,60.94802498817444
97.77777777777777,0.15,0.6666666666666666,5.2900921909523015,60.94802498817444
97.77777777777777,0.15,0.8333333333333333,6.266304311573812,60.94802498817444
97.77777777777777,0.15,1.0,7.175803102347294,60.94802498817444
97.77777777777777,0.15,1.1666666666666665,8.088158081379577,60.94802498817444
97.77777777777777,0.15,1.3333333333333333,8.908583343159838,60.94802498817444
97.77777777777777,0.15,1.5,9.753012939111638,60.94802498817444
97.77777777777777,0.15,1.6666666666666665,10.578420725763554,60.94802498817444
97.77777777777777,0.15,1.8333333333333333,11.353461543076522,60.94802498817444
97.77777777777777,0.15,2.0,12.107547604881242,60.94802498817444
97.77777777777777,0.18333333333333335,0.5,5.162827290803709,60.94802498817444
97.77777777777777,0.18333333333333335,0.6666666666666666,6.347581944311932,60.94802498817444
97.77777777777777,0.18333333333333335,0.8333333333333333,7.418806405918814,60.94802498817444
97.77777777777777,0.18333333333333335,1.0,8.44110558800519,60.94802498817444
97.77777777777777,0.18333333333333335,1.1666666666666665,9.42305715258075,60.94802498817444
97.77777777777777,0.18333333333333335,1.3333333333333333,10.37465145604754,60.94802498817444
97.77777777777777,0.18333333333333335,1.5,11.216127070530337,60.94802498817444
97.77777777777777,0.18333333333333335,1.6666666666666665,12.136642993672256,60.94802498817444
97.77777777777777,0.18333333333333335,1.8333333333333333,12.975939384851577,60.94802498817444
97.77777777777777,0.18333333333333335,2.0,13.778371843103141,60.94802498817444
97.77777777777777,0.21666666666666667,0.5,6.07238695075209,60.94802498817444
97.77777777777777,0.21666666666666667,0.6666666666666666,7.3758784822181545,60.94802498817444
97.77777777777777,0.21666666666666667,0.8333333333333333,8.621538257381554,60.94802498817444
97.77777777777777,0.21666666666666667,1.0,9.736561160512114,60.94802498817444
97.77777777777777,0.21666666666666667,1.1666666666666665,10.7855662514408,60.94802498817444
97.77777777777777,0.21666666666666667,1.3333333333333333,11.776058196054745,60.94802498817444
97.77777777777777,0.21666666666666667,1.5,12.743571167721942,60.94802498817444
97.77777777777777,0.21666666666666667,1.6666666666666665,13.677197158653863,60.94802498817444
97.77777777777777,0.21666666666666667,1.8333333333333333,14.620753579823942,60.94802498817444
97.77777777777777,0.21666666666666667,2.0,15.44677724894049,60.94802498817444
97.77777777777777,0.25,0.5,7.007221461111007,60.94802498817444
97.77777777777777,0.25,0.6666666666666666,8.428818925950585,60.94802498817444
97.77777777777777,0.25,0.8333333333333333,9.782672224630058,60.94802498817444
97.77777777777777,0.25,1.0,11.00403864737897,60.94802498817444
97.77777777777777,0.25,1.1666666666666665,12.101412496615557,60.94802498817444
97.77777777777777,0.25,1.3333333333333333,13.175209162958273,60.94802498817444
97.77777777777777,0.25,1.5,14.26610689487125,60.94802498817444
97.77777777777777,0.25,1.6666666666666665,15.303395380705942,60.94802498817444
97.77777777777777,0.25,1.8333333333333333,16.216054051328406,60.94802498817444
97.77777777777777,0.25,2.0,17.135488060209493,60.94802498817444
97.77777777777777,0.2833333333333333,0.5,7.904295834796896,60.94802498817444
97.77777777777777,0.2833333333333333,0.6666666666666666,9.498834003023822,60.94802498817444
97.77777777777777,0.2833333333333333,0.8333333333333333,10.913502465961841,60.94802498817444
97.77777777777777,0.2833333333333333,1.0,12.250086013332265,60.94802498817444
97.77777777777777,0.2833333333333333,1.1666666666666665,13.456517920804306,60.94802498817444
97.77777777777777,0.2833333333333333,1.3333333333333333,14.674580996518594,60.94802498817444
97.77777777777777,0.2833333333333333,1.5,15.751181426870085,60.94802498817444
97.77777777777777,0.2833333333333333,1.6666666666666665,16.862636502827897,60.94802498817444
97.77777777777777,0.2833333333333333,1.8333333333333333,17.87444811726003,60.94802498817444
97.77777777777777,0.2833333333333333,2.0,18.848862063817226,60.94802498817444
97.77777777777777,0.31666666666666665,0.5,8.833662729281556,60.94802498817444
97.77777777777777,0.31666666666666665,0.6666666666666666,10.543597464656347,60.94802498817444
97.77777777777777,0.31666666666666665,0.8333333333333333,12.100423493292617,60.94802498817444
97.77777777777777,0.31666666666666665,1.0,13.484662536612666,60.94802498817444
97.77777777777777,0.31666666666666665,1.1666666666666665,14.825490700077562,60.94802498817444
97.77777777777777,0.31666666666666665,1.3333333333333333,16.09669649046622,60.94802498817444
97.77777777777777,0.31666666666666665,1.5,17.268145956363043,60.94802498817444
97.77777777777777,0.31666666666666665,1.6666666666666665,18.4014755532304,60.94802498817444
97.77777777777777,0.31666666666666665,1.8333333333333333,19.510077519653297,60.94802498817444
97.77777777777777,0.31666666666666665,2.0,20.565528396676697,60.94802498817444
97.77777777777777,0.35000000000000003,0.5,9.749073927579152,60.94802498817444
97.77777777777777,0.35000000000000003,0.6666666666666666,11.563870462668554,60.94802498817444
97.77777777777777,0.35000000000000003,0.8333333333333333,13.203688683512729,60.94802498817444
97.77777777777777,0.35000000000000003,1.0,14.818060923859537,60.94802498817444
97.77777777777777,0.35000000000000003,1.1666666666666665,16.246440789386728,60.94802498817444
97.77777777777777,0.35000000000000003,1.3333333333333333,17.50588745340171,60.94802498817444
97.77777777777777,0.35000000000000003,1.5,18.733102747401922,60.94802498817444
97.77777777777777,0.35000000000000003,1.6666666666666665,19.92855868739401,60.94802498817444
97.77777777777777,0.35000000000000003,1.8333333333333333,21.212945464044186,60.94802498817444
97.77777777777777,0.35000000000000003,2.0,22.289066566868986,60.94802498817444
97.77777777777777,0.3833333333333334,0.5,10.612327194261914,60.94802498817444
97.77777777777777,0.3833333333333334,0.6666666666666666,12.629250291183341,60.94802498817444
97.77777777777777,0.3833333333333334,0.8333333333333333,14.352591886343973,60.94802498817444
97.77777777777777,0.3833333333333334,1.0,16.030358467475377,60.94802498817444
97.77777777777777,0.3833333333333334,1.1666666666666665,17.577296145447274,60.94802498817444
97.77777777777777,0.3833333333333334,1.3333333333333333,18.950948423169155,60.94802498817444
97.77777777777777,0.3833333333333334,1.5,20.293546482792152,60.94802498817444
97.77777777777777,0.3833333333333334,1.6666666666666665,21.522068399625713,60.94802498817444
97.77777777777777,0.3833333333333334,1.8333333333333333,22.80780755231187,60.94802498817444
97.77777777777777,0.3833333333333334,2.0,23.943925102219247,60.94802498817444
97.77777777777777,0.41666666666666674,0.5,11.579824199394599,60.94802498817444
97.77777777777777,0.41666666666666674,0.6666666666666666,13.654125390820417,60.94802498817444
97.77777777777777,0.41666666666666674,0.8333333333333333,15.592484289320135,60.94802498817444
97.77777777777777,0.41666666666666674,1.0,17.297127343984194,60.94802498817444
97.77777777777777,0.41666666666666674,1.1666666666666665,18.88240327975697,60.94802498817444
97.77777777777777,0.41666666666666674,1.3333333333333333,20.375005106865398,60.94802498817444
97.77777777777777,0.41666666666666674,1.5,21.845572816784603,60.94802498817444
97.77777777777777,0.41666666666666674,1.6666666666666665,23.148936250777634,60.94802498817444
97.77777777777777,0.41666666666666674,1.8333333333333333,24.43909954810025,60.94802498817444
97.77777777777777,0.41666666666666674,2.0,25.64997233975553,60.94802498817444
97.77777777777777,0.45,0.5,12.508427030065553,60.94802498817444
97.77777777777777,0.45,0.6666666666666666,14.746039085198671,60.94802498817444
97.77777777777777,0.45,0.8333333333333333,16.712627043608176,60.94802498817444
97.77777777777777,0.45,1.0,18.493366883771845,60.94802498817444
97.77777777777777,0.45,1.1666666666666665,20.22619293061442,60.94802498817444
97.77777777777777,0.45,1.3333333333333333,21.73612816568787,60.94802498817444
97.77777777777777,0.45,1.5,23.322919994058275,60.94802498817444
97.77777777777777,0.45,1.6666666666666665,24.77278607097867,60.94802498817444
97.77777777777777,0.45,1.8333333333333333,26.079973940534433,60.94802498817444
97.77777777777777,0.45,2.0,27.40152290673681,60.94802498817444
102.22222222222223,0.15,0.5,6.97347837607571,60.94802498817444
102.22222222222223,0.15,0.6666666666666666,8.094284580310905,60.94802498817444
102.22222222222223,0.15,0.8333333333333333,9.126768519583996,60.94802498817444
102.22222222222223,0.15,1.0,10.131169603962627,60.94802498817444
102.22222222222223,0.15,1.1666666666666665,11.066698921200397,60.94802498817444
102.22222222222223,0.15,1.3333333333333333,11.942372642869678,60.94802498817444
102.22222222222223,0.15,1.5,12.862691735766742,60.94802498817444
102.22222222222223,0.15,1.6666666666666665,13.676277010240907,60.94802498817444
102.22222222222223,0.15,1.8333333333333333,14.50821569588127,60.94802498817444
102.22222222222223,0.15,2.0,15.308240261765096,60.94802498817444
102.22222222222223,0.18333333333333335,0.5,7.846517337688123,60.94802498817444
102.22222222222223,0.18333333333333335,0.6666666666666666,9.096004833965475,60.94802498817444
102.22222222222223,0.18333333333333335,0.8333333333333333,10.227503273830337,60.94802498817444
102.22222222222223,0.18333333333333335,1.0,11.305227908815914,60.94802498817444
102.22222222222223,0.18333333333333335,1.1666666666666665,12.341270151153488,60.94802498817444
102.22222222222223,0.18333333333333335,1.3333333333333333,13.27774256468749,60.94802498817444
102.22222222222223,0.18333333333333335,1.5,14.275952909419674,60.94802498817444
102.22222222222223,0.18333333333333335,1.6666666666666665,15.159910710547024,60.94802498817444
102.22222222222223,0.18333333333333335,1.8333333333333333,16.01936309301102,60.94802498817444
102.22222222222223,0.18333333333333335,2.0,16.868642107031537,60.94802498817444
102.22222222222223,0.21666666666666667,0.5,8.730819820661532,60.94802498817444
102.22222222222223,0.21666666666666667,0.6666666666666666,10.099497363055919,60.94802498817444
102.22222222222223,0.21666666666666667,0.8333333333333333,11.371797560836004,60.94802498817444
102.22222222222223,0.21666666666666667,1.0,12.547848252818087,60.94802498817444
102.22222222222223,0.21666666666666667,1.1666666666666665,13.687286665961155,60.94802498817444
102.22222222222223,0.21666666666666667,1.3333333333333333,14.696046192489241,60.94802498817444
102.22222222222223,0.21666666666666667,1.5,15.700661751894403,60.94802498817444
102.22222222222223,0.21666666666666667,1.6666666666666665,16.674628004021805,60.94802498817444
102.22222222222223,0.21666666666666667,1.8333333333333333,17.597737272753317,60.94802498817444
102.22222222222223,0.21666666666666667,2.0,18.512410742614158,60.94802498817444
102.22222222222223,0.25,0.5,9.649116805101727,60.94802498817444
102.22222222222223,0.25,0.6666666666666666,11.138329972318187,60.94802498817444
102.22222222222223,0.25,0.8333333333333333,12.45814182420276,60.94802498817444
102.22222222222223,0.25,1.0,13.763771827744122,60.94802498817444
102.22222222222223,0.25,1.1666666666666665,15.015772997256796,60.94802498817444
102.22222222222223,0.25,1.3333333333333333,16.11202707027088,60.94802498817444
102.22222222222223,0.25,1.5,17.210448634610856,60.94802498817444
102.22222222222223,0.25,1.6666666666666665,18.192301327399846,60.94802498817444
102.22222222222223,0.25,1.8333333333333333,19.201505597466415,60.94802498817444
102.22222222222223,0.25,2.0,20.219019349925727,60.94802498817444
102.22222222222223,0.2833333333333333,0.5,10.55432522642999,60.94802498817444
102.22222222222223,0.2833333333333333,0.6666666666666666,12.155519726217802,60.94802498817444
102.22222222222223,0.2833333333333333,0.8333333333333333,13.646899906101392,60.94802498817444
102.22222222222223,0.2833333333333333,1.0,14.999615232074179,60.94802498817444
102.22222222222223,0.2833333333333333,1.1666666666666665,16.344158993514203,60.94802498817444
102.22222222222223,0.2833333333333333,1.3333333333333333,17.54198483846692,60.94802498817444
102.22222222222223,0.2833333333333333,1.5,18.658409921637116,60.94802498817444
102.22222222222223,0.2833333333333333,1.6666666666666665,19.78498226057694,60.94802498817444
102.22222222222223,0.2833333333333333,1.8333333333333333,20.86894989696404,60.94802498817444
102.22222222222223,0.2833333333333333,2.0,21.852733322849975,60.94802498817444
102.22222222222223,0.31666666666666665,0.5,11.446384421850611,60.94802498817444
102.22222222222223,0.31666666666666665,0.6666666666666666,13.208592442753577,60.94802498817444
102.22222222222223,0.31666666666666665,0.8333333333333333,14.80162123477676,60.94802498817444
102.22222222222223,0.31666666666666665,1.0,16.225912091546686,60.94802498817444
102.22222222222223,0.31666666666666665,1.1666666666666665,17.6444414663082,60.94802498817444
102.22222222222223,0.31666666666666665,1.3333333333333333,18.896700201494102,60.94802498817444
102.22222222222223,0.31666666666666665,1.5,20.18611977458668,60.94802498817444
102.22222222222223,0.31666666666666665,1.6666666666666665,21.300212851242605,60.94802498817444
102.22222222222223,0.31666666666666665,1.8333333333333333,22.46714285411275,60.94802498817444
102.22222222222223,0.31666666666666665,2.0,23.549222489854955,60.94802498817444
102.22222222222223,0.35000000000000003,0.5,12.353579664348775,60.94802498817444
102.22222222222223,0.35000000000000003,0.6666666666666666,14.242820744107519,60.94802498817444
102.22222222222223,0.35000000000000003,0.8333333333333333,16.014425636876027,60.94802498817444
102.22222222222223,0.35000000000000003,1.0,17.504756549765148,60.94802498817444
102.22222222222223,0.35000000000000003,1.1666666666666665,19.038214006830355,60.94802498817444
102.22222222222223,0.35000000000000003,1.3333333333333333,20.353141939088662,60.94802498817444
102.22222222222223,0.35000000000000003,1.5,21.74962431763779,60.94802498817444
102.22222222222223,0.35000000000000003,1.6666666666666665,22.923684156348486,60.94802498817444
102.22222222222223,0.35000000000000003,1.8333333333333333,24.111776446584255,60.94802498817444
102.22222222222223,0.35000000000000003,2.0,25.204941319747622,60.94802498817444
102.22222222222223,0.3833333333333334,0.5,13.301153563562266,60.94802498817444
102.22222222222223,0.3833333333333334,0.6666666666666666,15.281211151892448,60.94802498817444
102.22222222222223,0.3833333333333334,0.8333333333333333,17.11083223038246,60.94802498817444
102.22222222222223,0.3833333333333334,1.0,18.78834432603506,60.94802498817444
102.22222222222223,0.3833333333333334,1.1666666666666665,20.41580421758071,60.94802498817444
102.22222222222223,0.3833333333333334,1.3333333333333333,21.7761860224211,60.94802498817444
102.22222222222223,0.3833333333333334,1.5,23.194489993567235,60.94802498817444
102.22222222222223,0.3833333333333334,1.6666666666666665,24.506829992043492,60.94802498817444
102.22222222222223,0.3833333333333334,1.8333333333333333,25.749076848851825,60.94802498817444
102.22222222222223,0.3833333333333334,2.0,27.00048495470583,60.94802498817444
102.22222222222223,0.41666666666666674,0.5,14.160646982224765,60.94802498817444
102.22222222222223,0.41666666666666674,0.6666666666666666,16.315433784902,60.94802498817444
102.22222222222223,0.41666666666666674,0.8333333333333333,18.32477280452618,60.94802498817444
102.22222222222223,0.41666666666666674,1.0,20.057758243966315,60.94802498817444
102.22222222222223,0.41666666666666674,1.1666666666666665,21.70347288422189,60.94802498817444
102.22222222222223,0.41666666666666674,1.3333333333333333,23.214069817076858,60.94802498817444
102.22222222222223,0.41666666666666674,1.5,24.655087325934268,60.94802498817444
102.22222222222223,0.41666666666666674,1.6666666666666665,26.074260334990754,60.94802498817444
102.22222222222223,0.41666666666666674,1.8333333333333333,27.37722247849445,60.94802498817444
102.22222222222223,0.41666666666666674,2.0,28.733254043849062,60.94802498817444
102.22222222222223,0.45,0.5,15.101135104933178,60.94802498817444
102.22222222222223,0.45,0.6666666666666666,17.38074930542682,60.94802498817444
102.22222222222223,0.45,0.8333333333333333,19.46543839736491,60.94802498817444
102.22222222222223,0.45,1.0,21.334970139983174,60.94802498817444
102.22222222222223,0.45,1.1666666666666665,23.015335689771195,60.94802498817444
102.22222222222223,0.45,1.3333333333333333,24.645470714301442,60.94802498817444
102.22222222222223,0.45,1.5,26.187943177703925,60.94802498817444
102.22222222222223,0.45,1.6666666666666665,27.659665316486894,60.94802498817444
102.22222222222223,0.45,1.8333333333333333,28.997691381879818,60.94802498817444
102.22222222222223,0.45,2.0,30.25800177370115,60.94802498817444
106.66666666666667,0.15,0.5,10.34243091372639,60.94802498817444
106.66666666666667,0.15,0.6666666666666666,11.446707245032618,60.94802498817444
106.66666666666667,0.15,0.8333333333333333,12.478891720147885,60.94802498817444
106.66666666666667,0.15,1.0,13.47693381949238,60.94802498817444
106.66666666666667,0.15,1.1666666666666665,14.432359725406869,60.94802498817444
106.66666666666667,0.15,1.3333333333333333,15.356073290155917,60.94802498817444
106.66666666666667,0.15,1.5,16.25042608239647,60.94802498817444
106.66666666666667,0.15,1.6666666666666665,17.103686499646603,60.94802498817444
106.66666666666667,0.15,1.8333333333333333,17.94626293680261,60.94802498817444
106.66666666666667,0.15,2.0,18.772733064104187,60.94802498817444
106.66666666666667,0.18333333333333335,0.5,11.03203089543239,60.94802498817444
106.66666666666667,0.18333333333333335,0.6666666666666666,12.278553356863055,60.94802498817444
106.66666666666667,0.18333333333333335,0.8333333333333333,13.438716140115872,60.94802498817444
106.66666666666667,0.18333333333333335,1.0,14.521186422315328,60.94802498817444
106.66666666666667,0.18333333333333335,1.1666666666666665,15.572257337530498,60.94802498817444
106.66666666666667,0.18333333333333335,1.3333333333333333,16.5389314502285,60.94802498817444
106.66666666666667,0.18333333333333335,1.5,17.506135597228177,60.94802498817444
106.66666666666667,0.18333333333333335,1.6666666666666665,18.460182720756258,60.94802498817444
106.66666666666667,0.18333333333333335,1.8333333333333333,19.339627678159655,60.94802498817444
106.66666666666667,0.18333333333333335,2.0,20.198226366997684,60.94802498817444
106.66666666666667,0.21666666666666667,0.5,11.822596039780652,60.94802498817444
106.66666666666667,0.21666666666666667,0.6666666666666666,13.199335402126685,60.94802498817444
106.66666666666667,0.21666666666666667,0.8333333333333333,14.475893497750311,60.94802498817444
106.66666666666667,0.21666666666666667,1.0,15.62424254687993,60.94802498817444
106.66666666666667,0.21666666666666667,1.1666666666666665,16.78771196156444,60.94802498817444
106.66666666666667,0.21666666666666667,1.3333333333333333,17.902704922368514,60.94802498817444
106.66666666666667,0.21666666666666667,1.5,18.914428856079503,60.94802498817444
106.66666666666667,0.21666666666666667,1.6666666666666665,19.84514881193922,60.94802498817444
106.66666666666667,0.21666666666666667,1.8333333333333333,20.900268558525635,60.94802498817444
106.66666666666667,0.21666666666666667,2.0,21.760774413993552,60.94802498817444
106.66666666666667,0.25,0.5,12.660616297771025,60.94802498817444
106.66666666666667,0.25,0.6666666666666666,14.17501203260434,60.94802498817444
106.66666666666667,0.25,0.8333333333333333,15.54816986549345,60.94802498817444
106.66666666666667,0.25,1.0,16.838243045110598,60.94802498817444
106.66666666666667,0.25,1.1666666666666665,18.080468763058196,60.94802498817444
106.66666666666667,0.25,1.3333333333333333,19.201056960485598,60.94802498817444
106.66666666666667,0.25,1.5,20.284104543198893,60.94802498817444
106.66666666666667,0.25,1.6666666666666665,21.31030874196052,60.94802498817444
106.66666666666667,0.25,1.8333333333333333,22.364865788454434,60.94802498817444
106.66666666666667,0.25,2.0,23.383659824758407,60.94802498817444
106.66666666666667,0.2833333333333333,0.5,13.506500499713674,60.94802498817444
106.66666666666667,0.2833333333333333,0.6666666666666666,15.145949378911208,60.94802498817444
106.66666666666667,0.2833333333333333,0.8333333333333333,16.670436168471074,60.94802498817444
106.66666666666667,0.2833333333333333,1.0,18.07394227629135,60.94802498817444
106.66666666666667,0.2833333333333333,1.1666666666666665,19.375665297766716,60.94802498817444
106.66666666666667,0.2833333333333333,1.3333333333333333,20.617931014635705,60.94802498817444
106.66666666666667,0.2833333333333333,1.5,21.74659424620939,60.94802498817444
106.66666666666667,0.2833333333333333,1.6666666666666665,22.93586041644384,60.94802498817444
106.66666666666667,0.2833333333333333,1.8333333333333333,23.9924126000121,60.94802498817444
106.66666666666667,0.2833333333333333,2.0,25.006827681981136,60.94802498817444
106.66666666666667,0.31666666666666665,0.5,14.413698022832051,60.94802498817444
106.66666666666667,0.31666666666666665,0.6666666666666666,16.14109492578674,60.94802498817444
106.66666666666667,0.31666666666666665,0.8333333333333333,17.764076517415095,60.94802498817444
106.66666666666667,0.31666666666666665,1.0,19.30836591565286,60.94802498817444
106.66666666666667,0.31666666666666665,1.1666666666666665,20.683350800948244,60.94802498817444
106.66666666666667,0.31666666666666665,1.3333333333333333,21.997860443394632,60.94802498817444
106.66666666666667,0.31666666666666665,1.5,23.284728986129522,60.94802498817444
106.66666666666667,0.31666666666666665,1.6666666666666665,24.41361382849824,60.94802498817444
106.66666666666667,0.31666666666666665,1.8333333333333333,25.531499104467496,60.94802498817444
106.66666666666667,0.31666666666666665,2.0,26.724979108509697,60.94802498817444
106.66666666666667,0.35000000000000003,0.5,15.241197002550535,60.94802498817444
106.66666666666667,0.35000000000000003,0.6666666666666666,17.220862656608954,60.94802498817444
106.66666666666667,0.35000000000000003,0.8333333333333333,18.93629731009556,60.94802498817444
106.66666666666667,0.35000000000000003,1.0,20.54338742565082,60.94802498817444
106.66666666666667,0.35000000000000003,1.1666666666666665,22.026343190717984,60.94802498817444
106.66666666666667,0.35000000000000003,1.3333333333333333,23.449704818092233,60.94802498817444
106.66666666666667,0.35000000000000003,1.5,24.784121395189324,60.94802498817444
106.66666666666667,0.35000000000000003,1.6666666666666665,26.05002292446022,60.94802498817444
106.66666666666667,0.35000000000000003,1.8333333333333333,27.263711149907238,60.94802498817444
106.66666666666667,0.35000000000000003,2.0,28.406660270778463,60.94802498817444
106.66666666666667,0.3833333333333334,0.5,16.171498618716832,60.94802498817444
106.66666666666667,0.3833333333333334,0.6666666666666666,18.25162020480762,60.94802498817444
106.66666666666667,0.3833333333333334,0.8333333333333333,20.04518463772795,60.94802498817444
106.66666666666667,0.3833333333333334,1.0,21.79851847181906,60.94802498817444
106.66666666666667,0.3833333333333334,1.1666666666666665,23.37774075537744,60.94802498817444
106.66666666666667,0.3833333333333334,1.3333333333333333,24.829548203647967,60.94802498817444
106.66666666666667,0.3833333333333334,1.5,26.238535882796164,60.94802498817444
106.66666666666667,0.3833333333333334,1.6666666666666665,27.62677046355168,60.94802498817444
106.66666666666667,0.3833333333333334,1.8333333333333333,28.82623701486119,60.94802498817444
106.66666666666667,0.3833333333333334,2.0,30.008417253069346,60.94802498817444
106.66666666666667,0.41666666666666674,0.5,17.06662690206377,60.94802498817444
106.66666666666667,0.41666666666666674,0.6666666666666666,19.23562281154016,60.94802498817444
106.66666666666667,0.41666666666666674,0.8333333333333333,21.24648678000139,60.94802498817444
106.66666666666667,0.41666666666666674,1.0,23.063720812921694,60.94802498817444
106.66666666666667,0.41666666666666674,1.1666666666666665,24.746099984911446,60.94802498817444
106.66666666666667,0.41666666666666674,1.3333333333333333,26.221166606977224,60.94802498817444
106.66666666666667,0.41666666666666674,1.5,27.776196728580036,60.94802498817444
106.66666666666667,0.41666666666666674,1.6666666666666665,29.1376666387827,60.94802498817444
106.66666666666667,0.41666666666666674,1.8333333333333333,30.50541597886498,60.94802498817444
106.66666666666667,0.41666666666666674,2.0,31.822868797783638,60.94802498817444
106.66666666666667,0.45,0.5,17.974141921016844,60.94802498817444
106.66666666666667,0.45,0.6666666666666666,20.305859268064598,60.94802498817444
106.66666666666667,0.45,0.8333333333333333,22.40308207174275,60.94802498817444
106.66666666666667,0.45,1.0,24.26758931091527,60.94802498817444
106.66666666666667,0.45,1.1666666666666665,26.0792779664671,60.94802498817444
106.66666666666667,0.45,1.3333333333333333,27.716630559248166,60.94802498817444
106.66666666666667,0.45,1.5,29.28896241439292,60.94802498817444
106.66666666666667,0.45,1.6666666666666665,30.862969737681222,60.94802498817444
106.66666666666667,0.45,1.8333333333333333,32.060164642132094,60.94802498817444
106.66666666666667,0.45,2.0,33.412290548270605,60.94802498817444
111.11111111111111,0.15,0.5,14.17491128143646,60.94802498817444
111.11111111111111,0.15,0.6666666666666666,15.210784327519024,60.94802498817444
111.11111111111111,0.15,0.8333333333333333,16.19395823030162,60.94802498817444
111.11111111111111,0.15,1.0,17.162900682416403,60.94802498817444
111.11111111111111,0.15,1.1666666666666665,18.138630361073613,60.94802498817444
111.11111111111111,0.15,1.3333333333333333,19.04458735650228,60.94802498817444
111.11111111111111,0.15,1.5,19.929316276695832,60.94802498817444
111.11111111111111,0.15,1.6666666666666665,20.818560074542894,60.94802498817444
111.11111111111111,0.15,1.8333333333333333,21.682949601454457,60.94802498817444
111.11111111111111,0.15,2.0,22.51675168817892,60.94802498817444
111.11111111111111,0.18333333333333335,0.5,14.687392753435228,60.94802498817444
111.11111111111111,0.18333333333333335,0.6666666666666666,15.881268026304488,60.94802498817444
111.11111111111111,0.18333333333333335,0.8333333333333333,16.994752280672348,60.94802498817444
111.11111111111111,0.18333333333333335,1.0,18.045370199320285,60.94802498817444
111.11111111111111,0.18333333333333335,1.1666666666666665,19.08890564110502,60.94802498817444
111.11111111111111,0.18333333333333335,1.3333333333333333,20.089542972847322,60.94802498817444
111.11111111111111,0.18333333333333335,1.5,21.08418901584421,60.94802498817444
111.11111111111111,0.18333333333333335,1.6666666666666665,22.028342142375937,60.94802498817444
111.11111111111111,0.18333333333333335,1.8333333333333333,22.884370433617175,60.94802498817444
111.11111111111111,0.18333333333333335,2.0,23.806103304323432,60.94802498817444
111.11111111111111,0.21666666666666667,0.5,15.33281522925746,60.94802498817444
111.11111111111111,0.21666666666666667,0.6666666666666666,16.6436622016308,60.94802498817444
111.11111111111111,0.21666666666666667,0.8333333333333333,17.896689618405208,60.94802498817444
111.11111111111111,0.21666666666666667,1.0,19.093973566768945,60.94802498817444
111.11111111111111,0.21666666666666667,1.1666666666666665,20.20222621441801,60.94802498817444
111.11111111111111,0.21666666666666667,1.3333333333333333,21.27414840679574,60.94802498817444
111.11111111111111,0.21666666666666667,1.5,22.28841405176899,60.94802498817444
111.11111111111111,0.21666666666666667,1.6666666666666665,23.306727750894844,60.94802498817444
111.11111111111111,0.21666666666666667,1.8333333333333333,24.30214122799018,60.94802498817444
111.11111111111111,0.21666666666666667,2.0,25.217268568752154,60.94802498817444
111.11111111111111,0.25,0.5,16.034065877119204,60.94802498817444
111.11111111111111,0.25,0.6666666666666666,17.495832533422178,60.94802498817444
111.11111111111111,0.25,0.8333333333333333,18.864574440150317,60.94802498817444
111.11111111111111,0.25,1.0,20.152453061170338,60.94802498817444
111.11111111111111,0.25,1.1666666666666665,21.398669011221752,60.94802498817444
111.11111111111111,0.25,1.3333333333333333,22.530752402033187,60.94802498817444
111.11111111111111,0.25,1.5,23.644434729281375,60.94802498817444
111.11111111111111,0.25,1.6666666666666665,24.718759765858202,60.94802498817444
111.11111111111111,0.25,1.8333333333333333,25.750084261433734,60.94802498817444
111.11111111111111,0.25,2.0,26.748569868045436,60.94802498817444
111.11111111111111,0.2833333333333333,0.5,16.805869300022742,60.94802498817444
111.11111111111111,0.2833333333333333,0.6666666666666666,18.442392410551975,60.94802498817444
111.11111111111111,0.2833333333333333,0.8333333333333333,19.92598336012533,60.94802498817444
111.11111111111111,0.2833333333333333,1.0,21.273578495449556,60.94802498817444
111.11111111111111,0.2833333333333333,1.1666666666666665,22.63199379427742,60.94802498817444
111.11111111111111,0.2833333333333333,1.3333333333333333,23.817403694370036,60.94802498817444
111.11111111111111,0.2833333333333333,1.5,25.044401666965527,60.94802498817444
111.11111111111111,0.2833333333333333,1.6666666666666665,26.153032554049055,60.94802498817444
111.11111111111111,0.2833333333333333,1.8333333333333333,27.286633847548206,60.94802498817444
111.11111111111111,0.2833333333333333,2.0,28.3289405106403,60.94802498817444
111.11111111111111,0.31666666666666665,0.5,17.608274805390373,60.94802498817444
111.11111111111111,0.31666666666666665,0.6666666666666666,19.35802828974859,60.94802498817444
111.11111111111111,0.31666666666666665,0.8333333333333333,20.939880191385953,60.94802498817444
111.11111111111111,0.31666666666666665,1.0,22.46472307999142,60.94802498817444
111.11111111111111,0.31666666666666665,1.1666666666666665,23.880523342013333,60.94802498817444
111.11111111111111,0.31666666666666665,1.3333333333333333,25.172972164568247,60.94802498817444
111.11111111111111,0.31666666666666665,1.5,26.456673161058017,60.94802498817444
111.11111111111111,0.31666666666666665,1.6666666666666665,27.74989410219641,60.94802498817444
111.11111111111111,0.31666666666666665,1.8333333333333333,28.87191784482987,60.94802498817444
111.11111111111111,0.31666666666666665,2.0,29.969875970313957,60.94802498817444
111.11111111111111,0.35000000000000003,0.5,18.44861449068134,60.94802498817444
111.11111111111111,0.35000000000000003,0.6666666666666666,20.388811850407933,60.94802498817444
111.11111111111111,0.35000000000000003,0.8333333333333333,22.086621753705813,60.94802498817444
111.11111111111111,0.35000000000000003,1.0,23.685729132174526,60.94802498817444
111.11111111111111,0.35000000000000003,1.1666666666666665,25.20921546258208,60.94802498817444
111.11111111111111,0.35000000000000003,1.3333333333333333,26.64580273808824,60.94802498817444
111.11111111111111,0.35000000000000003,1.5,28.05223281474729,60.94802498817444
111.11111111111111,0.35000000000000003,1.6666666666666665,29.272698775258622,60.94802498817444
111.11111111111111,0.35000000000000003,1.8333333333333333,30.45938556647695,60.94802498817444
111.11111111111111,0.35000000000000003,2.0,31.63266790229841,60.94802498817444
111.11111111111111,0.3833333333333334,0.5,19.293863000876534,60.94802498817444
111.11111111111111,0.3833333333333334,0.6666666666666666,21.326650653280524,60.94802498817444
111.11111111111111,0.3833333333333334,0.8333333333333333,23.26375947473333,60.94802498817444
111.11111111111111,0.3833333333333334,1.0,24.91096294325798,60.94802498817444
111.11111111111111,0.3833333333333334,1.1666666666666665,26.5572323037029,60.94802498817444
111.11111111111111,0.3833333333333334,1.3333333333333333,28.03926148441632,60.94802498817444
111.11111111111111,0.3833333333333334,1.5,29.41880623681525,60.94802498817444
111.11111111111111,0.3833333333333334,1.6666666666666665,30.7140254839647,60.94802498817444
111.11111111111111,0.3833333333333334,1.8333333333333333,32.03154276418083,60.94802498817444
111.11111111111111,0.3833333333333334,2.0,33.37452495127132,60.94802498817444
111.11111111111111,0.41666666666666674,0.5,20.18312281294779,60.94802498817444
111.11111111111111,0.41666666666666674,0.6666666666666666,22.383042190038815,60.94802498817444
111.11111111111111,0.41666666666666674,0.8333333333333333,24.334638275134743,60.94802498817444
111.11111111111111,0.41666666666666674,1.0,26.216107845076813,60.94802498817444
111.11111111111111,0.41666666666666674,1.1666666666666665,27.89185863162218,60.94802498817444
111.11111111111111,0.41666666666666674,1.3333333333333333,29.390099228860702,60.94802498817444
111.11111111111111,0.41666666666666674,1.5,30.87348847724423,60.94802498817444
111.11111111111111,0.41666666666666674,1.6666666666666665,32.34327026405814,60.94802498817444
111.11111111111111,0.41666666666666674,1.8333333333333333,33.75159196586841,60.94802498817444
111.11111111111111,0.41666666666666674,2.0,35.1323258477377,60.94802498817444
111.11111111111111,0.45,0.5,21.036281908912873,60.94802498817444
111.11111111111111,0.45,0.6666666666666666,23.363835216109543,60.94802498817444
111.11111111111111,0.45,0.8333333333333333,25.488398853899827,60.94802498817444
111.11111111111111,0.45,1.0,27.42839891042598,60.94802498817444
111.11111111111111,0.45,1.1666666666666665,29.221588154542584,60.94802498817444
111.11111111111111,0.45,1.3333333333333333,30.834976962503664,60.94802498817444
111.11111111111111,0.45,1.5,32.43830544681365,60.94802498817444
111.11111111111111,0.45,1.6666666666666665,34.00850270042767,60.94802498817444
111.11111111111111,0.45,1.8333333333333333,35.40605067704344,60.94802498817444
111.11111111111111,0.45,2.0,36.672493526666884,60.94802498817444
115.55555555555556,0.15,0.5,18.2736257751389,60.94802498817444
115.55555555555556,0.15,0.6666666666666666,19.255623555413077,60.94802498817444
115.55555555555556,0.15,0.8333333333333333,20.22439647852533,60.94802498817444
115.55555555555556,0.15,1.0,21.133560335439476,60.94802498817444
115.55555555555556,0.15,1.1666666666666665,22.06426247007705,60.94802498817444
115.55555555555556,0.15,1.3333333333333333,22.96245281942105,60.94802498817444
115.55555555555556,0.15,1.5,23.85790981153635,60.94802498817444
115.55555555555556,0.15,1.6666666666666665,24.713337719617748,60.94802498817444
115.55555555555556,0.15,1.8333333333333333,25.547721823104688,60.94802498817444
115.55555555555556,0.15,2.0,26.397232130449826,60.94802498817444
115.55555555555556,0.18333333333333335,0.5,18.626218340309048,60.94802498817444
115.55555555555556,0.18333333333333335,0.6666666666666666,19.738854663625716,60.94802498817444
115.55555555555556,0.18333333333333335,0.8333333333333333,20.827697138319568,60.94802498817444
115.55555555555556,0.18333333333333335,1.0,21.864375462801465,60.94802498817444
115.55555555555556,0.18333333333333335,1.1666666666666665,22.868236710046066,60.94802498817444
115.55555555555556,0.18333333333333335,1.3333333333333333,23.852937506159194,60.94802498817444
115.55555555555556,0.18333333333333335,1.5,24.772006988884215,60.94802498817444
115.55555555555556,0.18333333333333335,1.6666666666666665,25.688803337605986,60.94802498817444
115.55555555555556,0.18333333333333335,1.8333333333333333,26.648747746902107,60.94802498817444
115.55555555555556,0.18333333333333335,2.0,27.50928422208737,60.94802498817444
115.55555555555556,0.21666666666666667,0.5,19.10480109630547,60.94802498817444
115.55555555555556,0.21666666666666667,0.6666666666666666,20.4013392959566,60.94802498817444
115.55555555555556,0.21666666666666667,0.8333333333333333,21.532652031770343,60.94802498817444
115.55555555555556,0.21666666666666667,1.0,22.719322277088228,60.94802498817444
115.55555555555556,0.21666666666666667,1.1666666666666665,23.813996285228495,60.94802498817444
115.55555555555556,0.21666666666666667,1.3333333333333333,24.908507125974477,60.94802498817444
115.55555555555556,0.21666666666666667,1.5,25.85074758086889,60.94802498817444
115.55555555555556,0.21666666666666667,1.6666666666666665,26.943828558720995,60.94802498817444
115.55555555555556,0.21666666666666667,1.8333333333333333,27.85530792879021,60.94802498817444
115.55555555555556,0.21666666666666667,2.0,28.749374456543737,60.94802498817444
115.55555555555556,0.25,0.5,19.69764866285159,60.94802498817444
115.55555555555556,0.25,0.6666666666666666,21.11376434763814,60.94802498817444
115.55555555555556,0.25,0.8333333333333333,22.430565285693614,60.94802498817444
115.55555555555556,0.25,1.0,23.69302997900137,60.94802498817444
115.55555555555556,0.25,1.1666666666666665,24.882035443739934,60.94802498817444
115.55555555555556,0.25,1.3333333333333333,26.042462326781642,60.94802498817444
115.55555555555556,0.25,1.5,27.097915771656837,60.94802498817444
115.55555555555556,0.25,1.6666666666666665,28.258017248908622,60.94802498817444
115.55555555555556,0.25,1.8333333333333333,29.247236280064808,60.94802498817444
115.55555555555556,0.25,2.0,30.276760262018307,60.94802498817444
115.55555555555556,0.2833333333333333,0.5,20.39144001461127,60.94802498817444
115.55555555555556,0.2833333333333333,0.6666666666666666,21.92303759613498,60.94802498817444
115.55555555555556,0.2833333333333333,0.8333333333333333,23.407824536435488,60.94802498817444
115.55555555555556,0.2833333333333333,1.0,24.756974254661365,60.94802498817444
115.55555555555556,0.2833333333333333,1.1666666666666665,26.132617072371584,60.94802498817444
115.55555555555556,0.2833333333333333,1.3333333333333333,27.29314130337489,60.94802498817444
115.55555555555556,0.2833333333333333,1.5,28.466696821468,60.94802498817444
115.55555555555556,0.2833333333333333,1.6666666666666665,29.665849609347557,60.94802498817444
115.55555555555556,0.2833333333333333,1.8333333333333333,30.69938499543685,60.94802498817444
115.55555555555556,0.2833333333333333,2.0,31.884083997405476,60.94802498817444
115.55555555555556,0.31666666666666665,0.5,21.108679555941585,60.94802498817444
115.55555555555556,0.31666666666666665,0.6666666666666666,22.82926399519791,60.94802498817444
115.55555555555556,0.31666666666666665,0.8333333333333333,24.352130095939213,60.94802498817444
115.55555555555556,0.31666666666666665,1.0,25.845042171442227,60.94802498817444
115.55555555555556,0.31666666666666665,1.1666666666666665,27.275699113551596,60.94802498817444
115.55555555555556,0.31666666666666665,1.3333333333333333,28.488005240273488,60.94802498817444
115.55555555555556,0.31666666666666665,1.5,29.957944865964862,60.94802498817444
115.55555555555556,0.31666666666666665,1.6666666666666665,31.15680912077739,60.94802498817444
115.55555555555556,0.31666666666666665,1.8333333333333333,32.2626076611956,60.94802498817444
115.55555555555556,0.31666666666666665,2.0,33.359416564346475,60.94802498817444
115.55555555555556,0.35000000000000003,0.5,21.839141836298612,60.94802498817444
115.55555555555556,0.35000000000000003,0.6666666666666666,23.721963092504037,60.94802498817444
115.55555555555556,0.35000000000000003,0.8333333333333333,25.436660982804124,60.94802498817444
115.55555555555556,0.35000000000000003,1.0,26.996365882601165,60.94802498817444
115.55555555555556,0.35000000000000003,1.1666666666666665,28.503338940787593,60.94802498817444
115.55555555555556,0.35000000000000003,1.3333333333333333,29.95085901720958,60.94802498817444
115.55555555555556,0.35000000000000003,1.5,31.278228185877488,60.94802498817444
115.55555555555556,0.35000000000000003,1.6666666666666665,32.672282049793004,60.94802498817444
115.55555555555556,0.35000000000000003,1.8333333333333333,33.856397641341495,60.94802498817444
115.55555555555556,0.35000000000000003,2.0,35.037589616347425,60.94802498817444
115.55555555555556,0.3833333333333334,0.5,22.64558399278321,60.94802498817444
115.55555555555556,0.3833333333333334,0.6666666666666666,24.639267663441945,60.94802498817444
115.55555555555556,0.3833333333333334,0.8333333333333333,26.497821623269786,60.94802498817444
115.55555555555556,0.3833333333333334,1.0,28.184650719622482,60.94802498817444
115.55555555555556,0.3833333333333334,1.1666666666666665,29.83065700619749,60.94802498817444
115.55555555555556,0.3833333333333334,1.3333333333333333,31.337508913106497,60.94802498817444
115.55555555555556,0.3833333333333334,1.5,32.73122186042732,60.94802498817444
115.55555555555556,0.3833333333333334,1.6666666666666665,34.141876341205865,60.94802498817444
115.55555555555556,0.3833333333333334,1.8333333333333333,35.48185007384246,60.94802498817444
115.55555555555556,0.3833333333333334,2.0,36.68635758617962,60.94802498817444
115.55555555555556,0.41666666666666674,0.5,23.52738835344595,60.94802498817444
115.55555555555556,0.41666666666666674,0.6666666666666666,25.698582067238426,60.94802498817444
115.55555555555556,0.41666666666666674,0.8333333333333333,27.632428911810113,60.94802498817444
115.55555555555556,0.41666666666666674,1.0,29.436271193162092,60.94802498817444
115.55555555555556,0.41666666666666674,1.1666666666666665,31.091099545591725,60.94802498817444
115.55555555555556,0.41666666666666674,1.3333333333333333,32.689302646105475,60.94802498817444
115.55555555555556,0.41666666666666674,1.5,34.15854184168327,60.94802498817444
115.55555555555556,0.41666666666666674,1.6666666666666665,35.50500334696474,60.94802498817444
115.55555555555556,0.41666666666666674,1.8333333333333333,37.06389252755494,60.94802498817444
115.55555555555556,0.41666666666666674,2.0,38.4356482025937,60.94802498817444
115.55555555555556,0.45,0.5,24.30340214135614,60.94802498817444
115.55555555555556,0.45,0.6666666666666666,26.629267741474838,60.94802498817444
115.55555555555556,0.45,0.8333333333333333,28.67790310961803,60.94802498817444
115.55555555555556,0.45,1.0,30.70223601431299,60.94802498817444
115.55555555555556,0.45,1.1666666666666665,32.52674448340391,60.94802498817444
115.55555555555556,0.45,1.3333333333333333,34.175891107456515,60.94802498817444
115.55555555555556,0.45,1.5,35.77435928730046,60.94802498817444
115.55555555555556,0.45,1.6666666666666665,37.29381100774194,60.94802498817444
115.55555555555556,0.45,1.8333333333333333,38.736172350779995,60.94802498817444
115.55555555555556,0.45,2.0,40.03111340705387,60.94802498817444
120.0,0.15,0.5,22.579085046102925,60.94802498817444
120.0,0.15,0.6666666666666666,23.504471523962064,60.94802498817444
120.0,0.15,0.8333333333333333,24.409732338117607,60.94802498817444
120.0,0.15,1.0,25.288898343748787,60.94802498817444
120.0,0.15,1.1666666666666665,26.17727112042982,60.94802498817444
120.0,0.15,1.3333333333333333,27.051607932819152,60.94802498817444
120.0,0.15,1.5,27.958931912010208,60.94802498817444
120.0,0.15,1.6666666666666665,28.810021883112032,60.94802498817444
120.0,0.15,1.8333333333333333,29.612651808461337,60.94802498817444
120.0,0.15,2.0,30.44213438493006,60.94802498817444
120.0,0.18333333333333335,0.5,22.811845996745443,60.94802498817444
120.0,0.18333333333333335,0.6666666666666666,23.80392989941681,60.94802498817444
120.0,0.18333333333333335,0.8333333333333333,24.84245746300575,60.94802498817444
120.0,0.18333333333333335,1.0,25.859547438072394,60.94802498817444
120.0,0.18333333333333335,1.1666666666666665,26.784438236283634,60.94802498817444
120.0,0.18333333333333335,1.3333333333333333,27.773882567055917,60.94802498817444
120.0,0.18333333333333335,1.5,28.659775692579366,60.94802498817444
120.0,0.18333333333333335,1.6666666666666665,29.601923000723378,60.94802498817444
120.0,0.18333333333333335,1.8333333333333333,30.534514278374267,60.94802498817444
120.0,0.18333333333333335,2.0,31.479975749051285,60.94802498817444
120.0,0.21666666666666667,0.5,23.134712838146324,60.94802498817444
120.0,0.21666666666666667,0.6666666666666666,24.331012781841828,60.94802498817444
120.0,0.21666666666666667,0.8333333333333333,25.45221494025944,60.94802498817444
120.0,0.21666666666666667,1.0,26.547616361721076,60.94802498817444
120.0,0.21666666666666667,1.1666666666666665,27.60479657318651,60.94802498817444
120.0,0.21666666666666667,1.3333333333333333,28.64031499991921,60.94802498817444
120.0,0.21666666666666667,1.5,29.68850547188976,60.94802498817444
120.0,0.21666666666666667,1.6666666666666665,30.76023349028526,60.94802498817444
120.0,0.21666666666666667,1.8333333333333333,31.584507791701686,60.94802498817444
120.0,0.21666666666666667,2.0,32.62281356326852,60.94802498817444
120.0,0.25,0.5,23.570141973292998,60.94802498817444
120.0,0.25,0.6666666666666666,24.887387465795634,60.94802498817444
120.0,0.25,0.8333333333333333,26.22820085295307,60.94802498817444
120.0,0.25,1.0,27.389271894635726,60.94802498817444
120.0,0.25,1.1666666666666665,28.557317326335596,60.94802498817444
120.0,0.25,1.3333333333333333,29.686672928026795,60.94802498817444
120.0,0.25,1.5,30.819372734407352,60.94802498817444
120.0,0.25,1.6666666666666665,31.791013375016377,60.94802498817444
120.0,0.25,1.8333333333333333,32.94219821940548,60.94802498817444
120.0,0.25,2.0,33.94710655078052,60.94802498817444
120.0,0.2833333333333333,0.5,24.16280244002587,60.94802498817444
120.0,0.2833333333333333,0.6666666666666666,25.628285853571324,60.94802498817444
120.0,0.2833333333333333,0.8333333333333333,27.027737196441034,60.94802498817444
120.0,0.2833333333333333,1.0,28.36401046279332,60.94802498817444
120.0,0.2833333333333333,1.1666666666666665,29.674074315376497,60.94802498817444
120.0,0.2833333333333333,1.3333333333333333,30.899810674192526,60.94802498817444
120.0,0.2833333333333333,1.5,32.14817191686809,60.94802498817444
120.0,0.2833333333333333,1.6666666666666665,33.200866589063416,60.94802498817444
120.0,0.2833333333333333,1.8333333333333333,34.219025099243424,60.94802498817444
120.0,0.2833333333333333,2.0,35.31974312425081,60.94802498817444
120.0,0.31666666666666665,0.5,24.78034357309685,60.94802498817444
120.0,0.31666666666666665,0.6666666666666666,26.42869340096163,60.94802498817444
120.0,0.31666666666666665,0.8333333333333333,27.95946119323257,60.94802498817444
120.0,0.31666666666666665,1.0,29.4004250401483,60.94802498817444
120.0,0.31666666666666665,1.1666666666666665,30.737651071881857,60.94802498817444
120.0,0.31666666666666665,1.3333333333333333,32.135017217722854,60.94802498817444
120.0,0.31666666666666665,1.5,33.34243863453426,60.94802498817444
120.0,0.31666666666666665,1.6666666666666665,34.654795144032946,60.94802498817444
120.0,0.31666666666666665,1.8333333333333333,35.78322197867769,60.94802498817444
120.0,0.31666666666666665,2.0,36.900640474808675,60.94802498817444
120.0,0.35000000000000003,0.5,25.483405808577377,60.94802498817444
120.0,0.35000000000000003,0.6666666666666666,27.23645844310528,60.94802498817444
120.0,0.35000000000000003,0.8333333333333333,28.907129818963625,60.94802498817444
120.0,0.35000000000000003,1.0,30.464858879660216,60.94802498817444
120.0,0.35000000000000003,1.1666666666666665,32.00541267176287,60.94802498817444
120.0,0.35000000000000003,1.3333333333333333,33.502179343767146,60.94802498817444
120.0,0.35000000000000003,1.5,34.76816161865886,60.94802498817444
120.0,0.35000000000000003,1.6666666666666665,36.04975531436887,60.94802498817444
120.0,0.35000000000000003,1.8333333333333333,37.35397522410949,60.94802498817444
120.0,0.35000000000000003,2.0,38.53397995918918,60.94802498817444
120.0,0.3833333333333334,0.5,26.211930993472418,60.94802498817444
120.0,0.3833333333333334,0.6666666666666666,28.17753276905537,60.94802498817444
120.0,0.3833333333333334,0.8333333333333333,29.999907587941493,60.94802498817444
120.0,0.3833333333333334,1.0,31.616038571033137,60.94802498817444
120.0,0.3833333333333334,1.1666666666666665,33.239636493926675,60.94802498817444
120.0,0.3833333333333334,1.3333333333333333,34.784140478840584,60.94802498817444
120.0,0.3833333333333334,1.5,36.20845282614374,60.94802498817444
120.0,0.3833333333333334,1.6666666666666665,37.51666624339504,60.94802498817444
120.0,0.3833333333333334,1.8333333333333333,38.92283843194842,60.94802498817444
120.0,0.3833333333333334,2.0,40.159334276005374,60.94802498817444
120.0,0.41666666666666674,0.5,26.967032465192894,60.94802498817444
120.0,0.41666666666666674,0.6666666666666666,29.102447845363866,60.94802498817444
120.0,0.41666666666666674,0.8333333333333333,30.99488721665958,60.94802498817444
120.0,0.41666666666666674,1.0,32.7889067145228,60.94802498817444
120.0,0.41666666666666674,1.1666666666666665,34.431572366637354,60.94802498817444
120.0,0.41666666666666674,1.3333333333333333,36.13585703629399,60.94802498817444
120.0,0.41666666666666674,1.5,37.75027245196288,60.94802498817444
120.0,0.41666666666666674,1.6666666666666665,39.11616774005539,60.94802498817444
120.0,0.41666666666666674,1.8333333333333333,40.41676904072772,60.94802498817444
120.0,0.41666666666666674,2.0,41.89674810967005,60.94802498817444
120.0,0.45,0.5,27.822704266998553,60.94802498817444
120.0,0.45,0.6666666666666666,30.074481082552182,60.94802498817444
120.0,0.45,0.8333333333333333,32.05409926060004,60.94802498817444
120.0,0.45,1.0,34.07399009123668,60.94802498817444
120.0,0.45,1.1666666666666665,35.77376852480293,60.94802498817444
120.0,0.45,1.3333333333333333,37.57308825113042,60.94802498817444
120.0,0.45,1.5,39.17723201669261,60.94802498817444
120.0,0.45,1.6666666666666665,40.625403491664365,60.94802498817444
120.0,0.45,1.8333333333333333,42.06857218344146,60.94802498817444
120.0,0.45,2.0,43.49910678313508,60.94802498817444
